ip_location,content,contained_keywords,has_keyword,negative_sentiment_score
,别管我了… ,[],False,0.21448105573654175
,【毛毛毛！#飞絮季防过敏更要防火灾#[话筒]】漫天飞絮时节，除了要避免飞絮进入呼吸道引发过敏，由于#杨柳絮易燃要及时清扫以防着火#。室内窗户最好配纱窗，勤打扫，防止杨柳絮在室内堆积诱发火灾。对于附着在易燃物上的杨柳絮，可采取先用水泼，再清扫掩埋的方式进行清理↓（央视频号：国家应急广播） http://t.cn/A66EqS7W,[],False,0.1347486972808838
,千万不要点火 ,[],False,0.12658554315567017
,真的很难受😭我为什么要点开热搜！更难受了！ ,[],False,0.1394031047821045
发布于 北京,怎么用一支视频讲述个朝代的时尚故事？ @柒牌官方微博 将七个朝代的故事画卷依次展开，从秦时远征到汉代白玉，历史的悠悠长河中凝练的传统美学灵魂，在古乐器营造的澎湃氛围中展开，全方位呈现国色美学。#爱国潮穿国色# http://t.cn/A6NcYckE ,[],False,0.06929820775985718
发布于 河北,这简直是和长沙双向奔赴的大动作！才收到长沙的来信，现在咱们就积极回信了。#长沙夜生活回信预告# 不知道大家有没有发现，我们和长沙真的可以牢牢锁死呜呜呜。长沙愿我们前方有天涯身后有家，这不小姐姐就回到长沙买了房从此拥有了归属感；长沙问可曾收到送的烟花，这就有长漂的朋友分享放烟火的璀璨夜晚；还有#张婧仪回忆艺考录取时刻# 收到班级同学祝福的喜悦溢于言表。长沙就是这样一座高包容度、充满故事的城市，真的很难让人不爱呀，0428让我们一起期待更多的长沙故事～ http://t.cn/A6NVifPV,['长沙'],True,0.2008662223815918
发布于 湖南,#萌探3礼貌式阵容官宣# 听说#萌探探探案# 第三季是得懂讲“礼貌”的[并不简单]，那我也浅浅“礼貌”一下吧！ ,[],False,0.2522846460342407
,过敏性鼻炎，最怕4-5月份。 ,[],False,0.16382622718811035
,"
我真的[裂开]今天上午在教学楼疯狂打喷嚏，中午出去吃饭，根本不敢抬头，漫天飞雪[交税][交税][交税] ",[],False,0.4586864709854126
, 春季没有疫情我都口罩不离身……毛毛们要来了吗[泪][泪][泪][泪] ,[],False,0.34690117835998535
,这个尊滴好烦.... ,[],False,0.49257612228393555
,泻药，鼻炎患者看了已经想要连续打喷嚏了55 ,[],False,0.03929024934768677
,🆘 ,[],False,0.4570622444152832
,每晚俩鼻孔塞的死死的，坐起来一会儿稍微好点，躺下又打回原形…… ,[],False,0.279527485370636
,现在每天早上一起来都在打喷嚏流鼻涕，谁懂我[苦涩] ,[],False,0.45643800497055054
,感觉可不能让朋友看见，不然要起鸡皮疙瘩 ,[],False,0.46011561155319214
,还有梧桐絮，谁懂？[泪] ,[],False,0.4124835729598999
,呵呵感谢这几年的疫情，习惯戴口罩这点都不算事了[挖鼻][挖鼻][挖鼻] ,[],False,0.24258661270141602
,"
鼻炎患者最大的悲伤就是满天飘絮 ",[],False,0.21609026193618774
,我也有鼻炎 还挺严重的 但是对柳絮这种好像没什么 ,[],False,0.056117475032806396
,【毛毛毛！#飞絮季防过敏更要防火灾#[话筒]】漫天飞絮时节，除了要避免飞絮进入呼吸道引发过敏，由于#杨柳絮易燃要及时清扫以防着火#。室内窗户最好配纱窗，勤打扫，防止杨柳絮在室内堆积诱发火灾。对于附着在易燃物上的杨柳絮，可采取先用水泼，再清扫掩埋的方式进行清理↓（央视频号：国家应急广播）http://t.cn/A66EqS7W,[],False,0.1347486972808838
,【又到过敏季！#花粉过敏会遗传吗#？】#超四分之一花粉过敏患者有遗传史#近年来，中国花粉过敏症的发病率不断升高，从4个月婴儿，到60岁以上老人，在各类人群中，都出现过敏病例，估计患病人群超过2亿。那么，导致花粉过敏的原因还可能有什么呢？花粉过敏会通过父母遗传给孩子吗？#海棠花开有多美# http://t.cn/A66EqK5Y,[],False,0.18459510803222656
,盒盒寝室楼前一排杨柳 风一吹真四月飘雪 反正出门都戴口罩也没什么关系😱 ,[],False,0.41647636890411377
,今天差点被柳絮谋杀好吗[泪][泪][泪]明天出门护目镜➕口罩😷不然真的活不下去 ,[],False,0.29997020959854126
,😂看视频就已经开始觉得窒息了[允悲]想想那场面就脑仁疼[泪]咱就是说啊！天津啥时能换了那些会飘毛毛的倒霉树啊！！！[抓狂][抓狂][抓狂][抓狂][抓狂] ,"['津', '天津']",True,0.4431335926055908
, 准备家里开始飘柳絮的时候就回学校 ,[],False,0.02263742685317993
,每天都在打喷嚏 ,[],False,0.2209569811820984
,谢谢[怒]已经开始找口罩了[泪][泪] ,[],False,0.10429936647415161
,【#成都58%变应性鼻炎由花粉引起#】#新都服务.生活资讯#一提出门就说不行，这份春天里的痛，恐怕只有花粉过敏的人才能心知肚明。#春季花粉浓度到底有多高#？监测结果显示，进入4月，北京花粉颗粒数最高达到了每千平方毫米1780粒。在四川成都，海棠、樱花等应季花卉绽放，部分地区每千平方毫米花粉浓度高于800粒，达到指数六级，为最高级。 http://t.cn/A66EbEqA http://t.cn/R2WxuoH,"['北京', '成都', '四川']",True,0.2554153800010681
,就是说这个季节太难受了！！！ ,[],False,0.477375328540802
,滚啊我有鼻窦炎[跪了] ,[],False,0.243960440158844
,【#成都58%变应性鼻炎由花粉引起#】一提出门就说不行，这份春天里的痛，恐怕只有花粉过敏的人才能心知肚明。#春季花粉浓度到底有多高#？监测结果显示，进入4月，北京花粉颗粒数最高达到了每千平方毫米1780粒。在四川成都，海棠、樱花等应季花卉绽放，部分地区每千平方毫米花粉浓度高于800粒，达到指数六级，为最高级。#小长假还能跨省出行吗#http://t.cn/A66EbEqA,"['北京', '成都', '四川']",True,0.38161855936050415
,光看视频我都觉得自己会过敏了！！！！！ ,[],False,0.4778784513473511
,【医生示范一个动作缓解鼻炎】】四月份，“飞絮”模式已开启，又到了、出门“窒息”的时候。每个过敏性鼻炎患者，都有过这样的体验：喷嚏不息、鼻涕不止、出门必须揣满纸……统计显示，我国过敏性鼻炎患者高达2.4亿。四月飞絮，出门一定做好防护，鼻炎患者最好别在10点到16点出门！医生教你一招快速疏通鼻子↓↓（友情提示：动作示范，在视频的第2分钟前后[喵喵]）cr. http://t.cn/A6qyN9Gq,[],False,0.08114033937454224
,"
谁能理解鼻炎患者拿嘴呼吸
然后下巴后缩没脖子的痛苦吗[苦涩][苦涩] ",[],False,0.29502904415130615
,谢谢，刚才还在打喷嚏[黑线] ,[],False,0.0959315299987793
, 真的⑨命了，已经身临其境了 ,[],False,0.3046687841415405
,【杨柳絮来袭，#这套鼻炎操送给易过敏的你#】4月，杨柳絮漫天飞舞，让多少？眼下正是过敏性鼻炎高发的季节，很多人出现鼻塞、流涕等症状。不妨试试这套鼻子按摩操：①推擦鼻梁，每天3组，每组 30—40次；②按揉迎香穴，顺逆时针各按20次；③推揉印堂穴，每日3组，上下往返20—30次；④按摩百会穴，按压30—40次。（生命时报）#山青有话说#,[],False,0.06727111339569092
,谢，已经开始吃氯雷他定了 ,[],False,0.034799814224243164
,要了老命[苦涩] ,[],False,0.3972076177597046
,"
謝謝 已經在打噴嚏了 ",[],False,0.34185200929641724
,"
“啊嚏！！啊嚏！！”[苦涩] ",[],False,0.38445353507995605
, [doge]口罩😷是我的命根子，我到哪儿都不能没有口罩 ,[],False,0.4935227632522583
,握紧我的氯雷他定[感冒] ,[],False,0.33920735120773315
,【医生示范一个动作缓解鼻炎】】四月份，“飞絮”模式已开启，又到了、出门“窒息”的时候。每个过敏性鼻炎患者，都有过这样的体验：喷嚏不息、鼻涕不止、出门必须揣满纸……统计显示，我国过敏性鼻炎患者高达2.4亿。四月飞絮，出门一定做好防护，鼻炎患者最好别在10点到16点出门！医生教你一招快速疏通鼻子↓↓（友情提示：动作示范，在视频的第2分钟前后[喵喵]）cr. http://t.cn/A6qyN9Gq,[],False,0.08114033937454224
,看着已经开始准备打喷嚏了，真的很谢[哆啦A梦微笑] ,[],False,0.010978996753692627
,🤧已经开始上不来气了。[苦涩] ,[],False,0.40278488397598267
,【#成都58%变应性鼻炎由花粉引起#】一提出门就说不行，这份春天里的痛，恐怕只有花粉过敏的人才能心知肚明。#春季花粉浓度到底有多高#？监测结果显示，进入4月，北京花粉颗粒数最高达到了每千平方毫米1780粒。在四川成都，海棠、樱花等应季花卉绽放，部分地区每千平方毫米花粉浓度高于800粒，达到指数六级，为最高级。 http://t.cn/A66EbEqA,"['北京', '成都', '四川']",True,0.387617826461792
,"
隔着屏幕我已经喘不过气了 ",[],False,0.08128482103347778
,"害怕了[允悲]

 http://t.cn/A66E5eex ",[],False,0.4590722322463989
,"
早上打喷嚏  晚上堵鼻子  谁能懂[泪] ",[],False,0.4868530035018921
,屏住呼吸[感冒][感冒][感冒] ,[],False,0.3749731183052063
,别的季节，鼻炎来了一个晚上就能好；春天，一周了还没好[裂开][裂开][裂开] 纸就是我的生命[裂开][裂开][裂开] ,[],False,0.18659710884094238
,【杨柳絮来袭，#这套鼻炎操送给易过敏的你#】4月，杨柳絮漫天飞舞，让多少？眼下正是过敏性鼻炎高发的季节，很多人出现鼻塞、流涕等症状。不妨试试这套鼻子按摩操：①推擦鼻梁，每天3组，每组 30—40次；②按揉迎香穴，顺逆时针各按20次；③推揉印堂穴，每日3组，上下往返20—30次；④按摩百会穴，按压30—40次。（生命时报）,[],False,0.05614185333251953
,"
【柳絮的危险有哪些？】一到春天，空中便会飘满雪白的柳絮，漫天飞舞的画面十分美丽。但是，柳絮不仅会引起一些过敏症状，同时还是易燃物质，存在火灾隐患。快来了解一下这美丽又危险的柳絮吧！ ",[],False,0.2573883533477783
,【#成都58%变应性鼻炎由花粉引起#】一提出门就说不行，这份春天里的痛，恐怕只有花粉过敏的人才能心知肚明。#春季花粉浓度到底有多高#？监测结果显示，进入4月，北京花粉颗粒数最高达到了每千平方毫米1780粒。在四川成都，海棠、樱花等应季花卉绽放，部分地区每千平方毫米花粉浓度高于800粒，达到指数六级，为最高级。 http://t.cn/A66EbEqA,"['北京', '成都', '四川']",True,0.387617826461792
,我的妈呀。。。看了这个视频 感觉自己过往打过的喷嚏 留过的鼻涕 像电影一样在脑海里过了一遍[允悲][允悲][允悲][允悲][允悲][允悲][允悲] ,[],False,0.3209834098815918
,？？给我个痛快吧，春天的杨树毛秋天的换季冷空气🙏 ,[],False,0.4959811568260193
,这我肯定疯狂打喷嚏 真的会一整个难受住 ,[],False,0.4932662844657898
,  [泪][泪]冬天和春天都是噩梦 ,[],False,0.38331353664398193
,看完马上怀疑人生[拜拜][拜拜] ,[],False,0.37355107069015503
,我丢[跪了][跪了][跪了][跪了][跪了] ,[],False,0.3641769289970398
,救命🆘。。。。。 ,[],False,0.1347755789756775
," 
谢谢
已经开始痒了 ",[],False,0.19684243202209473
,谢谢已经看了不舒服了 ,[],False,0.2879907488822937
,真的会谢[微笑] ,[],False,0.352851927280426
,#微博健康公开课# 春季是各种植物生长发芽的季节，也是过敏性疾病比较加重的时候，所以遇到这种情况还是尽量不要出门。把门窗关好，必须出来要全副武装，帽子，口罩需要加厚的。 ,[],False,0.14607876539230347
,口罩加大太阳镜！不然真要命的[泪][泪][泪] ,[],False,0.4809204936027527
,[裂开] ,[],False,0.21262884140014648
,"
呼吸道敏感人士10秒钟前看了视频
现在呼吸道已经起反应了[悲伤][悲伤][悲伤]好疼 ",[],False,0.4833303689956665
,"
[哆啦A梦害怕][哆啦A梦害怕]不是鼻炎看着都窒息 ",[],False,0.33305978775024414
,鼻炎患者看了窒息[哆啦A梦害怕]http://t.cn/A66Eyr0N ,[],False,0.25218915939331055
,"
鼻炎+过敏体质，我现在开始挠了 ",[],False,0.4934645891189575
,【柳絮飘飞[微风] 请注意消防安全】每年4、5月份，柳絮满天飘，飞絮不仅是烦人的过敏源之一，天气干燥，飞絮还是成为引发火灾的助推手！戳图，快来一起了解如何规避飞絮火灾。 ,[],False,0.16649669408798218
,【柳絮飘飞[微风] 请注意消防安全】每年4、5月份，柳絮满天飘，飞絮不仅是烦人的过敏源之一，天气干燥，飞絮还是成为引发火灾的助推手！戳图，快来一起了解如何规避飞絮火灾。 ,[],False,0.16649669408798218
,"
淡定淡定，本鼻炎患者绝对带了口罩🙉🙉 ",[],False,0.024601459503173828
,救命，已经呛死 ,[],False,0.4051620364189148
,俺滴个老天，我还记得家里的杨树花，要人命了…以前没有yq的时候，飘杨树花的时候老师不让在教室戴口罩，戴了口罩还会被骂…后来有yq了，就能在教室戴口罩了😷自从我来到了东北，就不会受到杨树花的摧残了[衰][衰][衰][衰] ,[],False,0.1823437213897705
,我已经开始流泪了 ,[],False,0.09478503465652466
,哦漏 没有鼻炎的人看了都要窒息 ,[],False,0.39193111658096313
,。。。。 ,[],False,0.3838418126106262
,#小封科普#【杨柳絮来袭，#这套鼻炎操送给易过敏的你#】4月，杨柳絮漫天飞舞，让多少？眼下正是过敏性鼻炎高发的季节，很多人出现鼻塞、流涕等症状。不妨试试这套鼻子按摩操：①推擦鼻梁，每天3组，每组 30—40次；②按揉迎香穴，顺逆时针各按20次；③推揉印堂穴，每日3组，上下往返20—30次；④按摩百会穴，按压30—40次。（生命时报）,[],False,0.08473789691925049
,"
这真的好难受[苦涩] ",[],False,0.3810414671897888
,这个季节也是过敏患者最害怕的季节 哈哈哈哈 ,[],False,0.01410001516342163
,[晕][晕]已经开始窒息了 ,[],False,0.4574075937271118
,哪里？我没见过这种场景。 ,[],False,0.09136909246444702
,氯雷他定 ,[],False,0.4633669853210449
,"【鼻炎的症状 10个小妙招治鼻炎】 
　鼻炎的症状

　　(1)鼻塞

　　鼻塞特点为间歇性。在白天、天热、劳动或运动时鼻塞减轻，而夜间，静坐或寒冷时鼻塞加重。鼻塞的另一特点为交替性。如侧卧时，居下侧之鼻腔阻塞，上侧鼻腔通气良好。由于鼻塞，间或有嗅觉减退、头痛、头昏、说话呈闭塞性鼻音等症状。

　　(2)多涕

　　常为黏液性或黏脓性，偶成脓性。脓性多于继发性感染后出现。

　　(3)嗅觉下降

　　多为两种原因所致，一为鼻黏膜肿胀、鼻塞，气流不能进入嗅觉区域;二为嗅区黏膜受慢性炎症长期刺激，嗅觉功能减退或消失。

　　(4)头痛、头昏

　　慢性鼻窦炎多表现为头沉重感。

　　(5)全身表现

　　多数人还有头痛、食欲不振、易疲倦、记忆力减退及失眠等。

　　鼻炎的种类

　　1.急性鼻炎

　　就是平常所说的“伤风感冒”，是由病毒感染引起的。急性鼻炎常在发病的初数小时或1～2天，鼻腔出现干燥、烧灼、痒等不适感;怕冷，全身不舒服，少数病人眼内干涩。如果治疗不当，急性鼻炎可并发急性鼻窦炎、急性中耳炎、急性咽炎、急性喉炎、急性气管炎等。

　　2.慢性鼻炎

　　主要症状是间歇性、交替性鼻塞，有粘液性鼻涕。白天、夏季、劳动或者运动时鼻塞减轻;夜间、冬天静坐时鼻塞加重;交替性，即一鼻孔通，另侧鼻孔堵塞，或侧卧时，下侧的鼻腔通气差，上侧的鼻腔通气好;转向另一侧卧位，情况相反。由于经常用口呼吸或鼻涕的长期刺激，会产生慢性咽喉炎或头痛、头昏、失眠、精神萎靡等症状。

　　3.过敏性鼻炎

　　主要是患者对尘土、螨、各种昆虫、羽毛、家畜的上皮、花粉、霉菌、各种化学物质、某些食物、化妆品等物质过敏引起的鼻腔过敏反应。它的临床症状主要表现为鼻内发痒、打喷嚏、流清鼻涕、鼻堵塞。疾病发作时常伴有眼内痒、流泪，甚至咽部有痒感。所以如不及时治疗，可并发过敏性鼻窦炎或鼻息肉。

　4.萎缩性鼻炎

　　根据病变的轻重不同症状各不相同，多为鼻腔粘膜结干痂、鼻腔有臭味，鼻出血，嗅觉障碍，严重时可因通气不畅而引起头痛。是手术切除鼻甲过多或长期的慢性鼻炎、鼻窦炎未能很好治疗引起的。

　　5.干酪性鼻炎

　　病因未明，目前较少见。常出现鼻塞，多脓涕，且恶臭，鼻道内可见大量脓涕及干酪样，豆腐渣样物。临床上常见的是慢性鼻炎和过敏性鼻炎。慢性鼻炎多发于青少年，中年人次之，老年人少，以南方天气潮湿或气候冷热变化剧烈的地方为多;过敏性鼻炎以中、老年人多见，地区差别不明显。

　　鼻炎怎么治

　　葱白煎熏法

　　做法：洋葱的功效有很多，将葱白一小把或将葱头(洋葱)三四个切碎煎汤，用鼻吸热气，或将食醋烧开吸醋气，疗效都较好。这对急性鼻炎疗效好，治一个星期就有明显好转。每逢感冒就用这个作为辅助治疗。

　　丝瓜藤粉吹入鼻腔

　　做法：找老丝瓜藤数米，晒干，切成细段，再放在瓦上焙至半焦(千万别糊了)，然后在面板上，研成碎面，装入瓶中备用。使用时，把鼻腔中的鼻涕清干净，用干净棉球擦一遍鼻腔，再用细塑料管(如喝酸奶用的小管就行)，让家人帮助把丝瓜藤粉吹入鼻腔，再用干棉球塞住鼻孔。此法尤其适宜鼻窦炎。

　　注意事项：好在晚上临睡前应用，连续数日即可治愈。

　　鼻孔滴大蒜汁

　　做法：将大蒜一瓣捣烂，用干净的豆包布包好，挤压出蒜汁滴入每个鼻子孔内两滴，再用手压几下鼻扇使其鼻孔内都能粘敷到蒜汁，轻者一次，重者二次即愈

　　注意事项：大蒜的刺激性强，请从微量试起，另外大蒜过敏者禁用。

　　鼻腔涂抹槐花蜜

　　做法：每天早晚洗脸时，用小手指蘸流动的自来水在鼻孔内清洗，清除鼻腔内的结痂和分泌物，充分暴露鼻粘膜后，用棉签或手指蘸市售的槐花蜜均匀地涂在鼻腔患处。坚持一两个月，会有一定的疗效。尤其适宜萎缩性鼻炎。

　　注意事项：该法对缓解鼻腔炎症有一定的功效，但却治标不治本，无法根治鼻窦炎，加之由于现在的蜂蜜多添加很多化学成分，直接涂抹至鼻腔易产生副作用，因此患者们需慎重使用。

　　鼻内滴香油

　　做法：香油就是普通的食用香油，每天三到五次，每次五滴左右，滴入鼻内。

　　注意事项：鼻塞严重时不要滴，可变换一下体位，待鼻子通气后再滴，滴前将鼻涕擤干净。

　　吸白萝卜煮水蒸汽

　　做法：取白萝卜3一4只放人锅中加清水煮，沸后即用鼻吸蒸气，数分钟后，鼻渐畅通，缓解鼻塞，头痛消失。

　　蒜醋法治鼻炎

　　将蒜削除根皮装入酒坛中再灌满醋浸没蒜瓣为止，然后密封。一个月后启封，边食蒜、边用小口瓶装上蒜醋，每晚对准双鼻熏半小时。此法能治疗过敏性鼻炎。

　　熏花生米烟

　　做法：小花生米7粒，放干净的白铁罐内，上糊纸封严，纸上开一小孔。将罐放火炉上，埃冒烟以烟熏鼻孔，烟尽为止。每日1次，一个月可愈痊愈。

　　鼻子按摩

　　按摩前，先用冷水把鼻孔内清洗干净。慢慢吸气，让冷水充分清洗鼻腔粘膜，接着呼出鼻子中所吸入冷水。重复进行1到3分钟后，清洗完毕。然后，用两手中指指腹分别按揉两侧鼻翼，大概按揉20下左右即可。此法可有效治疗过敏性鼻炎。",[],False,NA
,前面我中了一片小白菜，平时舍不得吃，结果…………都是毛毛，洗很多遍都洗不干净，最后一生气都拔了扔了，也没吃成[怒][怒][怒][怒] ,[],False,0.0809398889541626
,【转发收藏！鼻炎患者顺畅呼吸宝典[抱一抱]】一到换季，每天都离不开纸巾，动不动就打喷嚏，鼻子也被捏得红红的……这是过敏性鼻炎患者的真实写照。对常年遭受鼻炎困扰的人来说，自由呼吸似乎都成了一种奢侈。如果你也有被鼻炎困扰的朋友，别问他「为啥又感冒了」，递张纸就好[允悲] ​#娄小团青分享#,[],False,0.10127252340316772
,"
谁看了不窒息？！ ",[],False,0.27162206172943115
,【#成都58%变应性鼻炎由花粉引起#】一提出门就说不行，这份春天里的痛，恐怕只有花粉过敏的人才能心知肚明。#春季花粉浓度到底有多高#？监测结果显示，进入4月，北京花粉颗粒数最高达到了每千平方毫米1780粒。在四川成都，海棠、樱花等应季花卉绽放，部分地区每千平方毫米花粉浓度高于800粒，达到指数六级，为最高级。 http://t.cn/A66EbEqA,"['北京', '成都', '四川']",True,0.387617826461792
,【#成都58%变应性鼻炎由花粉引起#】一提出门就说不行，这份春天里的痛，恐怕只有花粉过敏的人才能心知肚明。#春季花粉浓度到底有多高#？监测结果显示，进入4月，北京花粉颗粒数最高达到了每千平方毫米1780粒。在四川成都，海棠、樱花等应季花卉绽放，部分地区每千平方毫米花粉浓度高于800粒，达到指数六级，为最高级。 http://t.cn/A66EbEqA,"['北京', '成都', '四川']",True,0.387617826461792
,"
说实话戴口罩的一些益处就是我的鼻炎偏头痛比较少犯了🙏（没别的意思）  ",[],False,0.41498732566833496
,虽然我也有鼻炎，但我的过敏源不是柳絮[允悲] ,[],False,0.13677465915679932
,救命，我看了都下意识不敢呼吸 ,[],False,0.36930984258651733
,已经开始打喷嚏了… ,[],False,0.3275490403175354
, 鼻炎患者和非鼻炎患者看了都得沉默[苦涩] ,[],False,0.48068082332611084
,【#成都58%变应性鼻炎由花粉引起#】一提出门就说不行，这份春天里的痛，恐怕只有花粉过敏的人才能心知肚明。#春季花粉浓度到底有多高#？监测结果显示，进入4月，北京花粉颗粒数最高达到了每千平方毫米1780粒。在四川成都，海棠、樱花等应季花卉绽放，部分地区每千平方毫米花粉浓度高于800粒，达到指数六级，为最高级。 http://t.cn/A66EbEqA,"['北京', '成都', '四川']",True,0.387617826461792
, 救命啊 我已经开始打喷嚏 疯狂的难受了 谁能懂鼻炎的痛苦啊 ,[],False,0.3087824583053589
,谢谢，已经在打喷嚏流眼泪了 ,[],False,0.47163647413253784
, 带好口罩了 ,[],False,0.09012824296951294
, 求今年别中招！我球球 ,[],False,0.24065005779266357
,"
天呐。 ",[],False,0.30442559719085693
,"  
鼻炎＋皮炎患者看了已经准备好去世了[二哈] ",[],False,0.2580370306968689
,从清明假第一天开始，已经一礼拜了[允悲] ,[],False,0.24994665384292603
,"
看到了 只想把我的鼻子割掉[苦涩]半夜睡觉的时候鼻子痒死了[泪][泪][泪] ",[],False,0.3341139554977417
,会谢、我这边10个喷嚏🤧准备好了 ,[],False,0.3193328380584717
,不鼻炎也挺心惊 ,[],False,0.06753343343734741
,愿世界上没有鼻息肉！[苦涩][苦涩][苦涩][苦涩][苦涩] ,[],False,0.1533713936805725
,我真的会谢  特别是换季 像我这种有鼻炎的真是生不如死有时候  不知道有什么办法能缓解[裂开][裂开] ,[],False,0.4855666756629944
,嗯嗯嗯  already dead了  ,[],False,0.3822178840637207
,所以带好眼镜[笑cry][笑cry][笑cry] ,[],False,0.2949243187904358
,🆘粉尘过敏谁懂[泪] [感冒][感冒][感冒] ,[],False,0.4921085238456726
,"
真的好讨厌柳絮，还不得不戴口罩，尊的会过敏[泪][泪][泪][泪][泪][泪][泪][泪][泪][泪][泪][泪][泪] ",[],False,0.3811681866645813
,支气管炎看了也要窒息了 ,[],False,0.42374396324157715
,"
我还可以呼吸吗[单身狗][单身狗][单身狗] ",[],False,0.3699887990951538
,啧啧啧我还能呼吸吗[拜拜] ,[],False,0.3468485474586487
,艹 ,[],False,0.04874885082244873
,【转发收藏！鼻炎患者顺畅呼吸宝典[抱一抱]】一到换季，每天都离不开纸巾，动不动就打喷嚏，鼻子也被捏得红红的……这是过敏性鼻炎患者的真实写照。对常年遭受鼻炎困扰的人来说，自由呼吸似乎都成了一种奢侈。如果你也有被鼻炎困扰的朋友，别问他「为啥又感冒了」，递张纸就好[允悲] ​#湖南团团在你身边#,['湖南'],True,0.11483383178710938
,"
鼻炎➕过敏体质的我[裂开][裂开]
看了想转头就跑[笑cry] ",[],False,0.3732109069824219
,"
鼻炎加易敏感皮肤已经昏过去了[苦涩] ",[],False,0.3946819305419922
,好可怕，我连有些花都闻不了就别说这个了，看了之后鼻子就感觉痒了 ,[],False,0.04286694526672363
,莫 ,[],False,0.40257954597473145
,是我 我先去世了大家 ,[],False,0.35538166761398315
,"
谢谢 已经亖了😇开始头疼了 ",[],False,0.41971588134765625
,已经有感觉了，救救[感冒] ,[],False,0.022037863731384277
,想要我命可以直说[裂开] ,[],False,0.22793084383010864
,讲真的，柳絮纷飞真的美吗[跪了] ,[],False,0.36706602573394775
,别人那花都开了，我们这晚上还零下呢，唉 ,[],False,0.24891787767410278
,当场毙命 ,[],False,0.33479201793670654
,"
感觉可以当场憋死过去 ",[],False,0.33600056171417236
, 看不得看不得，窒息晕眩！几十年鼻炎患者！阿切！  ,[],False,0.056624531745910645
,  哈哈哈哈哈哈鼻炎患者的福利[允悲] ,[],False,0.23818325996398926
,【#成都58%变应性鼻炎由花粉引起#】一提出门就说不行，这份春天里的痛，恐怕只有花粉过敏的人才能心知肚明。#春季花粉浓度到底有多高#？监测结果显示，进入4月，北京花粉颗粒数最高达到了每千平方毫米1780粒。在四川成都，海棠、樱花等应季花卉绽放，部分地区每千平方毫米花粉浓度高于800粒，达到指数六级，为最高级。 http://t.cn/A66EbEqA ,"['北京', '成都', '四川']",True,0.387617826461792
,"
又要了柳絮纷飞的日子，鼻子嘴巴可以戴口罩，但最近眼睛有点不舒服，总有点异物感，不知道和柳絮有没有关系。 ",[],False,0.07314068078994751
,"
谢邀，已经窒息了[哆啦A梦害怕] ",[],False,0.30807292461395264
,我可真是谢谢您嘞   已经开始打喷嚏流眼泪了[交税][交税][交税] ,[],False,0.3949618935585022
,"
非鼻炎看了也窒息 ",[],False,0.23849350214004517
,冬季，春季起床先打十几个喷嚏的我看了要抓狂[摊手][摊手] ,[],False,0.38303786516189575
,咱就是一个大漏特漏的动作，看了就已经想打喷嚏了[伤心] ,[],False,0.06442099809646606
,【毛毛毛！#飞絮季防过敏更要防火灾#[话筒]】漫天飞絮时节，除了要避免飞絮进入呼吸道引发过敏，由于#杨柳絮易燃要及时清扫以防着火#。室内窗户最好配纱窗，勤打扫，防止杨柳絮在室内堆积诱发火灾。对于附着在易燃物上的杨柳絮，可采取先用水泼，再清扫掩埋的方式进行清理↓（央视频号：国家应急广播） http://t.cn/A66EqS7W,[],False,0.1347486972808838
,我有口罩😷我不怕 ,[],False,0.3974672555923462
,鼻炎患者我还能呼吸[允悲] ,[],False,0.29871082305908203
,【 】一提出门就说不行，这份春天里的痛，恐怕只有花粉过敏的人才能心知肚明。#春季花粉浓度到底有多高#？监测结果显示，进入4月，北京花粉颗粒数最高达到了每千平方毫米1780粒。在四川成都，海棠、樱花等应季花卉绽放，部分地区每千平方毫米花粉浓度高于800粒，达到指数六级，为最高级。#天津五大道海棠花盛放##海棠花开有多美#（央视网） http://t.cn/A66EbEqA,"['北京', '津', '天津', '成都', '四川']",True,0.42385321855545044
,可怕[抓狂][抓狂][抓狂][抓狂][抓狂] ,[],False,0.3813973665237427
,这对我很不好[打脸] ,[],False,0.07179182767868042
,这真的好难受[苦涩] ,[],False,0.3810414671897888
,【#成都58%变应性鼻炎由花粉引起#】一提出门就说不行，这份春天里的痛，恐怕只有花粉过敏的人才能心知肚明。#春季花粉浓度到底有多高#？监测结果显示，进入4月，北京花粉颗粒数最高达到了每千平方毫米1780粒。在四川成都，海棠、樱花等应季花卉绽放，部分地区每千平方毫米花粉浓度高于800粒，达到指数六级，为最高级。 @央视网 http://t.cn/A66EbEqA,"['北京', '成都', '四川']",True,0.3720209002494812
,好烦，每天喷嚏不断，春天真的是让鼻炎患者头疼的季节。 ,[],False,0.24659526348114014
,【 】一提出门就说不行，这份春天里的痛，恐怕只有花粉过敏的人才能心知肚明。#春季花粉浓度到底有多高#？监测结果显示，进入4月，北京花粉颗粒数最高达到了每千平方毫米1780粒。在四川成都，海棠、樱花等应季花卉绽放，部分地区每千平方毫米花粉浓度高于800粒，达到指数六级，为最高级。#天津五大道海棠花盛放##海棠花开有多美#（央视网） http://t.cn/A66EbEqA,"['北京', '津', '天津', '成都', '四川']",True,0.42385321855545044
,这两天柳絮飘得像下雪，过敏性鼻炎真的要命了[裂开][裂开][裂开][裂开] ,[],False,0.24586784839630127
,#生活小百科# 【毛毛毛！#飞絮季防过敏更要防火灾#[话筒]】漫天飞絮时节，除了要避免飞絮进入呼吸道引发过敏，由于#杨柳絮易燃要及时清扫以防着火#。室内窗户最好配纱窗，勤打扫，防止杨柳絮在室内堆积诱发火灾。对于附着在易燃物上的杨柳絮，可采取先用水泼，再清扫掩埋的方式进行清理↓（央视频号：国家应急广播） http://t.cn/A66EqS7W,[],False,0.14382004737854004
,"卧槽 这个春天 我好难过！
蒲公英的飞沫到处都是！
早上起床必喷嚏！🤧
 ",[],False,0.2941669225692749
,为什么我点进来，鼻子开始痒了[跪了] ,[],False,0.16775208711624146
,【医生示范一个动作缓解鼻炎】】四月份，“飞絮”模式已开启，又到了、出门“窒息”的时候。每个过敏性鼻炎患者，都有过这样的体验：喷嚏不息、鼻涕不止、出门必须揣满纸……统计显示，我国过敏性鼻炎患者高达2.4亿。四月飞絮，出门一定做好防护，鼻炎患者最好别在10点到16点出门！医生教你一招快速疏通鼻子↓↓（友情提示：动作示范，在视频的第2分钟前后[喵喵]）cr. http://t.cn/A6qyN9Gq,[],False,0.08114033937454224
,【柳絮飘飞[微风] 请注意消防安全】每年4、5月份，柳絮满天飘，飞絮不仅是烦人的过敏源之一，天气干燥，飞絮还是成为引发火灾的助推手！戳图，快来一起了解如何规避飞絮火灾。 ,[],False,0.16649669408798218
,达咩达咩达咩要对这种场景勇敢say不🙅🙅🙅 ,[],False,0.36331069469451904
,对花粉过敏的人真的很怕遇到柳絮纷飞，浑身痒痒，难受的很，有的还是红疙瘩 ,[],False,0.23851150274276733
,刚开始就已经没了 ,[],False,0.22161346673965454
,还没开始已经🈚️了 ,[],False,0.19171428680419922
,[泪]我真的谢了 ,[],False,0.1768619418144226
,"
我与手纸共患难的日子要来了 ",[],False,0.029354453086853027
,看完了，确实有点喘不过气来了[可爱] ,[],False,0.013791441917419434
,"
一般人我不告诉他（治疗鼻炎秘方） ",[],False,0.31928765773773193
,"
已经鼻涕眼泪横流了💧 ",[],False,0.2540895342826843
,"oh no
前三十几年好好的，为啥这两年过敏性鼻炎了呢？！天天喷嚏鼻涕不停，鼻子都快拧破了[生病][生病] ",[],False,0.3942919969558716
,最近的杨树毛是真的多啊！满天都是，一出门就感觉脸上开始痒了。 ,[],False,0.32430821657180786
,我来参赛！来源是我的前室友 ,[],False,0.12772732973098755
,谢邀 已经在打喷嚏了[二哈] ,[],False,0.22465097904205322
,谢，开始打喷嚏了 ,[],False,0.08863699436187744
,【医生示范一个动作缓解鼻炎】】四月份，“飞絮”模式已开启，又到了、出门“窒息”的时候。每个过敏性鼻炎患者，都有过这样的体验：喷嚏不息、鼻涕不止、出门必须揣满纸……统计显示，我国过敏性鼻炎患者高达2.4亿。四月飞絮，出门一定做好防护，鼻炎患者最好别在10点到16点出门！医生教你一招快速疏通鼻子↓↓（友情提示：动作示范，在视频的第2分钟前后[喵喵]）cr. http://t.cn/A6qyN9Gq,[],False,0.08114033937454224
,鼻子已经开始憋死了[单身狗] ,[],False,0.4589332938194275
,【毛毛毛！#飞絮季防过敏更要防火灾#[话筒]】漫天飞絮时节，除了要避免飞絮进入呼吸道引发过敏，由于#杨柳絮易燃要及时清扫以防着火#。室内窗户最好配纱窗，勤打扫，防止杨柳絮在室内堆积诱发火灾。对于附着在易燃物上的杨柳絮，可采取先用水泼，再清扫掩埋的方式进行清理↓（央视频号：国家应急广播） 央视频的微博视频http://t.cn/A66EqS7W,[],False,0.17409199476242065
,谢谢[拜拜] ,[],False,0.2642675042152405
,【柳絮飘飞[微风] 请注意消防安全】每年4、5月份，柳絮满天飘，飞絮不仅是烦人的过敏源之一，天气干燥，飞絮还是成为引发火灾的助推手！戳图，快来一起了解如何规避飞絮火灾。 ,[],False,0.16649669408798218
,谢邀！隔着屏幕已经打了无数个喷嚏了 ,[],False,0.2246646285057068
,刚用海盐水洗了鼻子并喷了药！感谢分享！[允悲][允悲][允悲] ,[],False,0.11767351627349854
,已经在打喷嚏了[拜拜] ,[],False,0.37899744510650635
,"
柳絮、杨絮、石楠花，大概是我春天最怕的东西了
它们有什么坏心思呢，只是想给我们下一场春天的雪罢了 ",[],False,0.23205775022506714
,【杨柳絮燃烧速度有多快？】每年四、五月份是杨柳絮飘飞的高峰期。气温骤然升高，加速了它的集中爆发，漫天飞舞的杨柳絮不仅给市民出行和健康带来一定影响，实际上，还存在着很大的火灾隐患！ http://t.cn/E64u2p6 ,[],False,0.3071749806404114
,救命救命，隔着屏幕已经在打喷嚏了[感冒] ,[],False,0.4833318591117859
,这几天出门回来都睁不开眼 过敏性鼻炎伤不起[泪] ,[],False,0.24440646171569824
,"

我以为只有石家庄全都是大杨树 [怒]
不知道为什么要种这个大杨树  [怒]
我真的是很难受[泪]  ",['石家庄'],True,0.3133354187011719
,"
鼻子已经开始痒起来了 有人是先天过敏性鼻炎吗 太难了 ",[],False,0.16601890325546265
,你们是鼻子痒，我是眼睛疼😣 ,[],False,0.08059167861938477
,隔着屏幕都感觉要窒息了 ,[],False,0.10502403974533081
,前几年没有戴口罩的习惯，这个季节在路上骑车满天的柳絮真的让人窒息，昨天还去看了医生，医生说没法根治，很熟练的又给我开了药[摊手] ,[],False,0.3235129117965698
,[失望][失望]杨树柳树梧桐树，不鼻炎我也真的真的真的窒息，想象着脸和鼻已经开始痒了 ,[],False,0.04552823305130005
,我闺女（3岁多）过敏性鼻炎 鼻腺体肿大 正在吃药喷药治疗 希望能消肿 心塞啊 ,[],False,0.06857079267501831
,[哆啦A梦害怕][哆啦A梦害怕][哆啦A梦害怕]又来学治病了 ,[],False,0.20810437202453613
, 我有轻微鼻炎 感觉还能接受 ,[],False,0.10593461990356445
,体考、、、 ,[],False,0.07826012372970581
,鼻子已发痒，我的过敏性鼻炎每年都准时到来[可怜] ,[],False,0.18016517162322998
,我们北方人鼻炎患者特别多[允悲][允悲]好困惑 ,[],False,0.36370760202407837
,救命[晕] ,[],False,0.3153762221336365
,救命，已经在缺氧了！ ,[],False,0.23133909702301025
,"
我已经开始打喷嚏了[泪] ",[],False,0.27055060863494873
,救、 ,[],False,0.07250058650970459
,【别大意！#过敏不只是皮肤的反应#[并不简单]】在很多人眼里过敏就是皮肤起疹子、发痒、打喷嚏，忍一忍就过去了。事实上，过敏发作起来可不仅仅是发痒打喷嚏那么简单，有的会引发哮喘发作及过敏性休克，进而产生非常严重的后果。怎样有效预防过敏？这些防过敏知识一定要知道↓↓（央视网）http://t.cn/A66RrCsU ,[],False,0.3531232476234436
,这几天鼻炎犯了，难受死了，我也去试试，好不好用 ,[],False,0.43019479513168335
,"#健康五华#【喷嚏警告！花粉过敏预警来袭，过敏患者能否接种新冠疫苗？】最近一段时间，我国气温进入上升“快车道”，多地迎来春暖花开。本周末这种雨雪稀少的天气模式仍将持续，大部地区晴空当道、暖意融融，因此花粉过敏气象指数也将直线飙升。
花粉过敏患者能否接种新冠疫苗？若接种应注意哪些事项？预防花粉过敏哪些方法管用？一起来听专家解答↓↓↓ http://t.cn/A66EV90r",[],False,0.16561275720596313
,法国梧桐必须有一席之地！[揣手]我觉得这东西更让人窒息！ ,[],False,0.3990825414657593
,"
鼻子已经开始痒了，谢谢[感冒] ",[],False,0.28726834058761597
,"
我这个鼻炎患者对漫天柳絮没太大反应，一般是冬天比较难受，鼻塞，打喷嚏，听起来仿佛感冒了几个月。睡觉得用嘴呼吸，然后嘴里干得不得了，太难受了。什么时候能有鼻炎的有效治疗啊[笑cry] ",[],False,0.3187137842178345
,我的妈呀，别说鼻炎患者了，我这个没鼻炎的看了都窒息[笑cry][笑cry][笑cry]太难受了 ,[],False,0.08260804414749146
,窒息[衰] ,[],False,0.45479148626327515
,不是鼻炎看了都要窒息[晕] ,[],False,0.22300857305526733
,"
已经在打喷嚏了 ",[],False,0.3093833923339844
,  疫情当下，戴口罩无所畏惧 ,[],False,0.03324317932128906
,尊的会谢，两个鼻孔都被堵死的感觉真的不好受[拜拜][拜拜][拜拜] ,[],False,0.35134416818618774
,哎最近一到晚上我就开始流鼻涕打喷嚏  还伴随着嗓子痒又疼哎 ,[],False,0.13495230674743652
,谢谢人已没 ,[],False,0.22513413429260254
,【#成都58%变应性鼻炎由花粉引起#】一提出门就说不行，这份春天里的痛，恐怕只有花粉过敏的人才能心知肚明。#春季花粉浓度到底有多高#？监测结果显示，进入4月，北京花粉颗粒数最高达到了每千平方毫米1780粒。在四川成都，海棠、樱花等应季花卉绽放，部分地区每千平方毫米花粉浓度高于800粒，达到指数六级，为最高级。 @央视网 http://t.cn/A66EbEqA ,"['北京', '成都', '四川']",True,0.3720209002494812
, 果然窒息，已经鼻子不自觉的拧紧不敢呼吸，火速逃跑💨 ,[],False,0.418429434299469
,"
人生中第一次去北方就是差不多这个季节[苦涩]
柳絮满天飞，我都怀疑下雪了[单身狗]
对本鼻炎患者很不友好[顶] ",[],False,0.3022013306617737
,时评人马前卒又称马督工者又在其睡前消息节目中诋毁哦不痛批中药揭露以岭药业出品之莲花清瘟胶囊假借世卫之名大卖其货炒高股价其行可鄙其药无用诸君不可不知也我对此观点深表支持我不大相信中药之治疗效果但是中医养生观可资参考鉴于马先生此前一再揭批中药企业如云南白药东阿阿胶均未在股市上激起涟漪产生影响因此以岭药业股票持有人不必太在意可是我多希望你们亏到裤衩不剩以此浇酹三观大慰平生 ,['云南'],True,0.45749950408935547
,我选择摇着花手飞出去[开学季] ,[],False,0.35191988945007324
,"
春天柳絮太讨厌了，风一吹到处飞[苦涩] ",[],False,0.39665406942367554
, ,[],False,0.05462068319320679
,最近鼻炎又犯了  喷嚏不断 ,[],False,0.12958085536956787
,"
已经开始憋气，并且喘不上气了[苦涩][苦涩] ",[],False,0.19344043731689453
,看到鼻炎两个字就已经想打喷嚏了 ,[],False,0.47490692138671875
,【医生示范一个动作缓解鼻炎】】四月份，“飞絮”模式已开启，又到了、出门“窒息”的时候。每个过敏性鼻炎患者，都有过这样的体验：喷嚏不息、鼻涕不止、出门必须揣满纸……统计显示，我国过敏性鼻炎患者高达2.4亿。四月飞絮，出门一定做好防护，鼻炎患者最好别在10点到16点出门！医生教你一招快速疏通鼻子↓↓（友情提示：动作示范，在视频的第2分钟前后[喵喵]）cr. http://t.cn/A6qyN9Gq,[],False,0.08114033937454224
,靠 本来今天鼻炎好点了，一看这个又想打喷嚏了[微笑] ,[],False,0.47761499881744385
,"
过 敏 性 鼻 炎一生的痛[苦涩] ",[],False,0.2555091977119446
,[允悲][允悲][允悲] ,[],False,0.40298891067504883
,【#成都58%变应性鼻炎由花粉引起#】一提出门就说不行，这份春天里的痛，恐怕只有花粉过敏的人才能心知肚明。#春季花粉浓度到底有多高#？监测结果显示，进入4月，北京花粉颗粒数最高达到了每千平方毫米1780粒。在四川成都，海棠、樱花等应季花卉绽放，部分地区每千平方毫米花粉浓度高于800粒，达到指数六级，为最高级。#小长假还能跨省出行吗# http://t.cn/A66EbEqA,"['北京', '成都', '四川']",True,0.38161855936050415
,"
过敏星人没法活了[苦涩][苦涩] ",[],False,0.44794100522994995
,"
救命[苦涩] ",[],False,0.14361709356307983
,想起了当时五一跟舍友去济南玩 满天飞絮 我真的会谢[泪][泪] ,['济南'],True,0.12849581241607666
, 救大命…已经在打喷嚏了[裂开] ,[],False,0.48808032274246216
,过敏性鼻炎最折磨人了，严重了还会引起过敏性哮喘，什么时候才能有彻底治愈的药啊 ,[],False,0.2442617416381836
,"  
爱过敏的人已经死掉了[二哈]
看着全身都开始痒… ",[],False,0.4242415428161621
,鼻炎不鼻炎的看了都沉默，，鼻子已经捂上了😣 ,[],False,0.3586782217025757
,自从戴了口罩我的鼻炎再也没犯过 ,[],False,0.059623777866363525
,跟下雪一样 ,[],False,0.12260234355926514
,快跑！！！！！ ,[],False,0.25220829248428345
,喷嚏不断，我可太难了。 ,[],False,0.31570303440093994
,"
我看了感觉都要窒息了
慢性鼻炎🥀 ",[],False,0.15386658906936646
,"
已疯！！！ ",[],False,0.3124195337295532
,"
救命[伤心]代入感太强，已经在狂打喷嚏了 ",[],False,0.40527427196502686
,救命，希望下辈子没有鼻炎 ,[],False,0.011046648025512695
,"  
柳絮杨絮，法国梧桐，我的一生之敌 ",[],False,0.024531781673431396
,学校满天飞，我真的会谢[泪] ,[],False,0.07715117931365967
,"
作为鼻炎患者，我已经开始每年最难过的时候了[泪][泪] ",[],False,0.2445947527885437
,不是看了也够呛 ,[],False,0.18297356367111206
,  易过敏体质开始发痒了[裂开][裂开] ,[],False,0.1541757583618164
,"
过敏性鼻炎常年发作的患者沉默了
救命啊我已经开始害怕了😨 ",[],False,0.343177855014801
,我分享了话题 ,[],False,0.2644376754760742
,"
[跪了] ",[],False,0.15708470344543457
, 哒咩[吃瓜]  ,[],False,0.381563663482666
,【杨柳絮来袭，#这套鼻炎操送给易过敏的你#】4月，杨柳絮漫天飞舞，让多少？眼下正是过敏性鼻炎高发的季节，很多人出现鼻塞、流涕等症状。不妨试试这套鼻子按摩操：①推擦鼻梁，每天3组，每组 30—40次；②按揉迎香穴，顺逆时针各按20次；③推揉印堂穴，每日3组，上下往返20—30次；④按摩百会穴，按压30—40次。（生命时报）,[],False,0.05614185333251953
,鼻子已经开始痒了 ....啊啊啊啊qiu～～～ ,[],False,0.14240038394927979
, ,[],False,0.05462068319320679
,在家隔离，会好点  ,[],False,0.19874340295791626
,鼻炎+花粉过敏更窒息 ,[],False,0.07840657234191895
,救命[哆啦A梦害怕][哆啦A梦害怕][哆啦A梦害怕] ,[],False,0.19897973537445068
,谢谢已经要呼吸不畅，窒息而亡了 ,[],False,0.3118480443954468
发布于 上海,"#WTT新乡冠军赛2023#

冠军奖杯，熠熠生辉✨ ",['新乡'],True,0.016495048999786377
,【#成都58%变应性鼻炎由花粉引起#】一提出门就说不行，这份春天里的痛，恐怕只有花粉过敏的人才能心知肚明。#春季花粉浓度到底有多高#？监测结果显示，进入4月，北京花粉颗粒数最高达到了每千平方毫米1780粒。在四川成都，海棠、樱花等应季花卉绽放，部分地区每千平方毫米花粉浓度高于800粒，达到指数六级，为最高级。#小长假还能跨省出行吗# http://t.cn/A66EbEqA,"['北京', '成都', '四川']",True,0.38161855936050415
,"有默默无闻人，做惊天动地事。#长空之王致敬版海报#
平凡铸就伟大，渺小成就奇迹，热烈庆祝新中国航空工业成立72周年，致敬每一个不惧挑战、努力奋斗的航空人！#长空之王#4月28日，大银幕见！ ",[],False,0.2370852828025818
发布于 北京,#长沙夜生活回信预告# 这是一群人与一座城的双向奔赴吧！在美妙动听的歌曲《寄信人长沙》中，人们诉说着栩栩生辉的故事，传递着与长沙这座城交织的喜怒哀乐，这便是他们给长沙的回信。有人曾因分手痛苦，夜晚暴走湘江边直到日出朝霞得到治愈；有人异乡买房，内心的归属及幸福感溢于言表；还有导演张冀回忆起1994年，高考失利去往长沙上学路上和冷战的父亲和解，仿佛呈现出影片《长沙夜生活》中张艺兴和父亲从见面争吵到和谐相处的情感转变。#张婧仪回忆艺考录取时刻# 当听到她北电通过时班级同学饱含祝福的鼓掌。在浪漫不眠的城市长沙，有着太多动人的故事与奇妙的魔力。4月28日走进电影院，感受那份热辣的人间烟火气。 http://t.cn/A6NVifPV,['长沙'],True,0.23868536949157715
发布于 北京,"发现一朵“心形云”，
有些奇妙也有些幸运。
周一，工作快乐。[太阳] ",[],False,0.05794423818588257
发布于 浙江,"🌈杭州的虞美人开啦！美得不像话~
面对照片词穷了好久
不知该如何向你描述它的美~
#春游季##杭州旅行##春日乐趣大会# 
.
🚗从上海搬来杭州快2年了，作为一名旅行博主总是在路上，走遍外面世界的山川湖海，却忘了欣赏眼前的美好。
.
🏠朋友说，你在杭州是不是都没出门过，我想了想，似乎真的是~她说，径山公园的虞美人开了，要不一起去看看~那咱就说走就走。
.
🌸等到了实地才发现，径山公园的这一大片虞美人真的太美了！我知识库中的词汇都不足以形容它的美~它如莫奈花园般美丽，走在其中仿佛走进了油画中。
.
❤而且令人比较欣喜的是，虞美人在花园的位置算是比较近的，比去其他地方拍鲜花要方便许多。花田间有很多小道可以走在上面~蹲在或者站在小道上，就能拍出美美的大片啦！公园里人比较多，找找机位就行~
.
PS
1⃣️千万不要去踩花花，这么漂亮的花怎么忍心踩踏或采摘！看到花田一些被糟蹋的花真的心疼！
2⃣️花丛里蚊虫蜜蜂比较多，记得去前涂点花露水。
3⃣️最佳拍摄时间是在傍晚时候，我们拍的时候在大中午，光比还是比较大的。 ","['杭州', '上海']",True,0.05658608675003052
,"“你是我的翅膀，日月星光，长空之王” #长空之王守望曲唱出了国泰民安#
把极限当作平常，让热血挥洒天空，成就每一瞬辉煌，#长空之王#致敬每一位为蓝天梦插上翅膀的航空人，4月28日影院相见！ ",[],False,0.11894327402114868
发布于 上海,"vlog18｜NARS新品测评
（忘记发视频啦
种草超方瓶很久了，然后收到了他们家的新品[开学季]
我没想到我现在已经不能用黄一白了555
朋友们请看视频🤲🏻
#2023的她们##vlog# http://t.cn/A6NVKaQe ",[],False,0.34558236598968506
发布于 福建,"@时代少年团 携手海俪恩眼镜，演绎耀眼青春
一镜聚焦少年清爽姿态~
享受海岛惬意时刻 http://t.cn/A6NV9ltF ",[],False,0.049249231815338135
发布于 上海,"任务达成 @gentlemonsterofficial
SECRET CODE: #CRYSTAL CLEAR#

即将迎来下一个挑战，准备好了吗？
#GENTLE MONSTER X KUN# http://t.cn/A6NVXG9a ",[],False,0.29160892963409424
发布于 上海,#萌探3礼貌式阵容官宣#  超级侦探，认真办案！看在你这么有“礼貌”的份上，我也真诚的“回礼”一下[偷乐]#萌探探探案# ,[],False,0.27821820974349976
,我的鼻子已经感觉开始堵了 ,[],False,0.4089503288269043
,感觉我的鼻子已经开始痒了。 ,[],False,0.2754577398300171
,鼻炎患者看了吓的当场逃离 ,[],False,0.31732046604156494
,我已经开始有呼吸困难的感觉了 ,[],False,0.3469328284263611
,这满天的柳絮可太恐怖了 ,[],False,0.43554574251174927
,  我看了都觉得很窒息，真的太恐怖了 ,[],False,0.31754058599472046
,不止是窒息，明明就是要鼻炎患者的命[笑cry] ,[],False,0.40015047788619995
, 看到都想逃离这个地方了 ,[],False,0.44388145208358765
,果不其然打了两个喷嚏[允悲] ,[],False,0.4629063010215759
,"
钢铁侠：鼻子已经开始痒了，或者说是太死亡了吧，总之这之所以干出那些事来，是因为干好比不干容易些。

[钢铁侠]#钢铁侠不想说话并向你投出掌心炮#[钢铁侠] ",[],False,0.27361488342285156
, ,[],False,0.05462068319320679
, 呃呃呃，把口罩带起来了 ,[],False,0.4866143465042114
,已想打噴涕 ,[],False,0.1384945511817932
," 
真的[苦涩][苦涩][苦涩][苦涩][苦涩][苦涩][苦涩][苦涩][苦涩][苦涩][苦涩][苦涩][苦涩] ",[],False,0.38045167922973633
,"
我家附近的杨柳絮 学校的杨柳絮真的能送走我[举手][举手][举手]
每天喷嚏不知道打多少 整张脸臃肿 两眼泪汪汪 ",[],False,0.34711146354675293
,我直接鼻炎哮喘齐发 ,[],False,0.08526754379272461
,已经感觉呼吸困难了 ,[],False,0.49023711681365967
,"
我感觉已经呼吸困难 导致快要亖掉了。 ",[],False,0.24898970127105713
,"
我说我真的谢了，讨厌这个季节，过敏性鼻炎我的痛[苦涩] ",[],False,0.4352286458015442
,"
谢谢我已经感觉过敏了[傻眼]  ",[],False,0.43976902961730957
,"
@都是鸽们儿 ",[],False,0.49360430240631104
,我真的谢，已经呼吸困难了[拜拜] ,[],False,0.4417768716812134
,"
救命光看看我就不行了 ",[],False,0.4102458357810974
,我已经熬过了3月份，4月份快点结束吧[泪] ,[],False,0.345538854598999
,【 】一提出门就说不行，这份春天里的痛，恐怕只有花粉过敏的人才能心知肚明。#春季花粉浓度到底有多高#？监测结果显示，进入4月，北京花粉颗粒数最高达到了每千平方毫米1780粒。在四川成都，海棠、樱花等应季花卉绽放，部分地区每千平方毫米花粉浓度高于800粒，达到指数六级，为最高级。#天津五大道海棠花盛放##海棠花开有多美#（央视网） http://t.cn/A66EbEqA,"['北京', '津', '天津', '成都', '四川']",True,0.42385321855545044
," 啧啧啧,光看就不好受了 ",[],False,0.1369953751564026
,已经感觉要打喷嚏了 ,[],False,0.26024895906448364
,"
鼻炎患者可太难受了，
吃也吃不好，运动也难受……[允悲] ",[],False,0.25900107622146606
,"
屏幕前的我 已经啊嚏了[单身狗][单身狗][单身狗] ",[],False,0.4940943121910095
,呃呃呃 ,[],False,0.43143028020858765
,我趣 已经开始鼻子发痒 喷嚏打不停了我趣[哆啦A梦害怕][哆啦A梦害怕][哆啦A梦害怕] ,[],False,0.3631110191345215
, 法克！我为什么要点进来 ,[],False,0.48785895109176636
,"
每天早上起来就会打喷嚏 打了喷嚏后就会鼻塞 鼻炎者真的会谢[衰] ",[],False,0.3692578077316284
,已经感受到恐惧了[苦涩][苦涩][苦涩] ,[],False,0.4088733196258545
,没鼻炎的我 看了也窒息[哆啦A梦害怕] ,[],False,0.35978686809539795
,"
鼻炎患者最大的悲伤就是满天飘絮 ",[],False,0.21609026193618774
,"过敏性鼻炎患者
在柳絮纷飞时刻
只能感觉到窒息[苦涩] ",[],False,0.24743491411209106
,"
救命啊
春天很好
没有过敏性鼻炎就更好了
今年一如既往地准时 我鼻子都要废了
愿下辈子没有鼻炎[微笑] ",[],False,0.010991036891937256
,[摊手][摊手][摊手]真的很讨厌飞柳絮好吗 ,[],False,0.45383119583129883
,已经去世了[跪了][跪了][跪了] ,[],False,0.47981494665145874
,"
我已经联想起当时干吃忘记哪个味道的康师傅方便面时狂打喷嚏的状况了 ",[],False,0.3619841933250427
,"
提名海蒂中两人在阁楼扑稻草玩的情节 ",[],False,0.011513352394104004
,[拜拜][拜拜]鼻子已经开始痒了 ,[],False,0.19309741258621216
,鼻炎患者来看看 ,[],False,0.04112344980239868
,再见 ,[],False,0.10911661386489868
,口罩真的救大命了 ,[],False,0.03924107551574707
,要死了[顶][顶][顶] ,[],False,0.29793620109558105
,真的太难受了[感冒] ,[],False,0.15241104364395142
,所以 为什么这些街道还不换一种树？只有柳树能种活吗？ ,[],False,0.45782965421676636
,"
代入感太强，我已经开始找抽纸了 ",[],False,0.3399239778518677
,我分享了话题 ,[],False,0.2644376754760742
,"
[感冒][感冒] ",[],False,0.37850499153137207
, 过敏性鼻炎患者就是这么的痛苦[悲伤]#登封生活#  http://t.cn/A66ExtuM ,['登封'],True,0.2702174782752991
,【柳絮飘飞[微风] 请注意消防安全】每年4、5月份，柳絮满天飘，飞絮不仅是烦人的过敏源之一，天气干燥，飞絮还是成为引发火灾的助推手！戳图，快来一起了解如何规避飞絮火灾。 ,[],False,0.16649669408798218
,【#一个动作缓解鼻塞#，鼻炎和感冒都适用】很多人一旦感冒或者鼻炎发作，就总感觉鼻子不通气，每天擤鼻涕，鼻子也被捏得红红的。经常有这种困扰的人看过来↓#如何拯救鼻炎患者# http://t.cn/A6tBj4CJ ,[],False,0.08543586730957031
,那么冷的冬天鼻炎都没事，春天反而一直痒，看了都鼻子痒 ,[],False,0.049836039543151855
,"
过敏性鼻炎
密集恐惧症
双重暴击
干脆让人挂了吧
[哈哈][哈哈][哈哈] ",[],False,0.292802631855011
,春天真的是让鼻炎患者头疼的季节，更何况是云南的春天[泪][泪][泪] ,['云南'],True,0.20452499389648438
, ,[],False,0.05462068319320679
,人类因食物而聚，人不散，家就在。烟火人间，风味长存 ,[],False,0.015538513660430908
,我枯了啊，要不还是把我埋了吧[苦涩]我都觉得我的鼻子是个摆设 ,[],False,0.46003586053848267
,鬼知道这个春天我是怎么过的…春天以后是我最讨厌的季节了[允悲][允悲][允悲] ,[],False,0.36234980821609497
,过敏性鼻炎加咽炎的太难了，一换季就开始 ,[],False,0.26558995246887207
,刚刚我就打了个喷嚏[疑问]十五年老鼻炎患者了[泪] ,[],False,0.32929497957229614
,  像我这种烟味都会导致鼻敏感的人，看了真的害怕😱[允悲]。 ,[],False,0.4710521101951599
,我的鼻子已经开始痒了…… ,[],False,0.18457388877868652
,今天出去待了一个半小时 妥妥窒息了已经 恨不得带两层口罩 ,[],False,0.18194526433944702
,  不会好了[拜拜][拜拜][拜拜]这一辈子都不会好了[拜拜][拜拜][拜拜][拜拜] ,[],False,0.1974349021911621
发布于 广东,"Duang💦 跟着安热沙品牌代言人@X玖少年团肖战DAYTOY 清爽出行，恣意追光~
「安热沙金啫喱」高倍持久😉保湿耐晒
让你面对炎炎烈日，也能时刻水润在线！！
一键戳链http://t.cn/RJ4huUb水润开启#肖战安热沙品牌代言人##喝饱水防晒 保湿超耐晒##防晒世家安热沙##专场专防 实力抗晒# http://t.cn/A6NV96BJ",[],False,0.11074274778366089
,【毛毛毛！#飞絮季防过敏更要防火灾#[话筒]】漫天飞絮时节，除了要避免飞絮进入呼吸道引发过敏，由于#杨柳絮易燃要及时清扫以防着火#。室内窗户最好配纱窗，勤打扫，防止杨柳絮在室内堆积诱发火灾。对于附着在易燃物上的杨柳絮，可采取先用水泼，再清扫掩埋的方式进行清理↓ http://t.cn/A66EqS7W,[],False,0.13239383697509766
,真的好烦啊 看到就很难受了[苦涩][苦涩] ,[],False,0.47453975677490234
,【#成都58%变应性鼻炎由花粉引起#】一提出门就说不行，这份春天里的痛，恐怕只有花粉过敏的人才能心知肚明。#春季花粉浓度到底有多高#？监测结果显示，进入4月，北京花粉颗粒数最高达到了每千平方毫米1780粒。在四川成都，海棠、樱花等应季花卉绽放，部分地区每千平方毫米花粉浓度高于800粒，达到指数六级，为最高级。#小长假还能跨省出行吗# http://t.cn/A66EbEqA,"['北京', '成都', '四川']",True,0.38161855936050415
,[裂开][裂开][裂开]每天鼻子又痒又堵 ,[],False,0.08905720710754395
,  隔着屏幕我鼻子都痒 ,[],False,0.0459139347076416
,#师生健康中国健康# 【医生示范一个动作缓解鼻炎】】四月份，“飞絮”模式已开启，又到了、出门“窒息”的时候。每个过敏性鼻炎患者，都有过这样的体验：喷嚏不息、鼻涕不止、出门必须揣满纸……统计显示，我国过敏性鼻炎患者高达2.4亿。四月飞絮，出门一定做好防护，鼻炎患者最好别在10点到16点出门！医生教你一招快速疏通鼻子↓↓（友情提示：动作示范，在视频的第2分钟前后[喵喵]）cr. http://t.cn/A6qyN9Gq,[],False,0.16678422689437866
,"今天整理一下衣柜就一直喷嚏不止，心跳加速🤧
过敏性鼻炎真痛苦😖 ",[],False,0.34130871295928955
,我已经握紧了我的氯雷他定了[跪了][跪了][跪了]  ,[],False,0.40384548902511597
发布于 江苏,#野居一家官宣# “大姑”报到 [开学季] ,[],False,0.31168442964553833
,【柳絮飘飞[微风] 请注意消防安全】每年4、5月份，柳絮满天飘，飞絮不仅是烦人的过敏源之一，天气干燥，飞絮还是成为引发火灾的助推手！戳图，快来一起了解如何规避飞絮火灾。 #全民消防# ,[],False,0.20875614881515503
,"
春夏花粉过敏引发鼻炎，秋冬感冒引发鼻炎
      ——《我的四季》 ",[],False,0.47197097539901733
,鼻炎[苦涩][苦涩][苦涩]有什么管用的药物么 ,[],False,0.20280689001083374
,救[单身狗] ,[],False,0.12893617153167725
,请问我可以开始窒息了吗[跪了] ,[],False,0.43752121925354004
,这柳絮 已经开始狂打喷嚏 ,[],False,0.37485331296920776
,🆘已经开始窒息了 ,[],False,0.22860628366470337
发布于 浙江,#周一#开心这种事～自己买单比较容易实现#闪光新生代# ,[],False,0.14541572332382202
,确实…… ,[],False,0.44349849224090576
,非鼻炎患者看到这个也要窒息了[裂开] ,[],False,0.3908204436302185
,我拿什么和鼻炎和解[苦涩] ,[],False,0.4282190203666687
,真的会谢 ,[],False,0.29109472036361694
,隔着屏幕我都感觉呼吸困难[允悲][允悲][允悲]快点扶我一下[泪][泪] ,[],False,0.35992830991744995
,隔着屏幕都要窒息了 ,[],False,0.06972521543502808
,srds本人365天天天都在鼻炎 让人想鼠[微笑] ,[],False,0.374115526676178
,我就过敏性鼻炎…堵塞是堵塞，还影响唱歌  ,[],False,0.05250746011734009
发布于 四川,环太平洋同步训练视频被曝光 http://t.cn/A6NV9dpW ,[],False,0.33111751079559326
,【柳絮飘飞[微风] 请注意消防安全】每年4、5月份，柳絮满天飘，飞絮不仅是烦人的过敏源之一，天气干燥，飞絮还是成为引发火灾的助推手！戳图，快来一起了解如何规避飞絮火灾。 ,[],False,0.16649669408798218
,"
我真的会谢[拜拜]
我的鼻子已经不是我的鼻子了[拜拜] ",[],False,0.3489689230918884
,@停止访问小邓世界o 你来看看[doge] ,[],False,0.283668577671051
,"
扁桃体容易发炎的看了也很窒息[感冒] ",[],False,0.36419254541397095
,@_失重的霧 @whaoizxw @常安有小雨 资深鼻炎鼻窦炎中耳炎等各种病患者 以后有什么鼻子上耳朵里喉咙里的问题都来问我 手术两次治疗七年经验丰富[挤眼] ,[],False,0.34416306018829346
,"
为什么想到了未若柳絮因风起 ",[],False,0.02644526958465576
,正好免疫力不行，现在已经和废了半条命，氯雷他定都不管用 ,[],False,0.13589006662368774
,[哆啦A梦害怕]九敏，鼻子已经开始痒了，疯狂打喷嚏🙊🙊🙊 ,[],False,0.21145778894424438
,  真的要窒息了 ,[],False,0.14393430948257446
,[单身狗] ,[],False,0.36611878871917725
,其实比柳絮更可怕的是法国梧桐，过敏性结膜炎过敏性鼻炎患者的灾难季节又到了[感冒][感冒][感冒][感冒] ,[],False,0.13930422067642212
, 鼻炎患者看不得 ,[],False,0.4813072085380554
,看了视频鼻子都觉得痒，更别说走过去了，直接调头走吧[允悲][允悲][允悲] ,[],False,0.16950708627700806
,【#成都58%变应性鼻炎由花粉引起#】一提出门就说不行，这份春天里的痛，恐怕只有花粉过敏的人才能心知肚明。#春季花粉浓度到底有多高#？监测结果显示，进入4月，北京花粉颗粒数最高达到了每千平方毫米1780粒。在四川成都，海棠、樱花等应季花卉绽放，部分地区每千平方毫米花粉浓度高于800粒，达到指数六级，为最高级。#小长假还能跨省出行吗#http://t.cn/A66EbEqA （央视新闻）,"['北京', '成都', '四川']",True,0.39253824949264526
